"name"	"label"	"AT"	"Vrv_asl"	"Vrv_opp"	"Ve_opp"	"Zst_Egw_Ind"	"Zst_Egw_Prj"	"Zst_Mgw_Ind"	"Zst_Mgw_Prj"	"Nat_Egw_Ind"	"Nat_Egw_Prj"	"Nat_Mgw_Ind"	"Nat_Mgw_Prj"
"Nat"	"Natuurlijk"	15	3.528747	0.000000	0.000000	0.00	0.00	0.00	0.00	0.00	0.00	0.00	0.00
"Mec_Vst_Wis"	"Mechanisch, vraaggestuurd, wisselstroom"	15	3.528747	0.052982	0.005756	2785.97	2899.13	2785.97	2899.13	2579.60	2684.38	2579.60	2684.38
"Mec_Vst_Glk"	"Mechanisch, vraaggestuurd, gelijkstroom"	15	3.528747	0.052982	0.003754	2785.97	2899.13	2785.97	2899.13	2579.60	2684.38	2579.60	2684.38
"Mec_Wis"	"Mechanisch, niet-vraaggestuurd, wisselstroom"	15	3.528747	0.105695	0.011513	2556.91	2670.08	2382.86	2496.02	565.65	546.20	565.65	546.20
"Mec_Glk"	"Mechanisch, niet-vraaggestuurd, gelijkstroom"	15	3.528747	0.105695	0.006307	2556.91	2670.08	2382.86	2496.02	565.65	546.20	565.65	546.20
"Bal_Vst_Wtw"	"Balans, vraaggestuurd, met WTW"	15	3.528747	0.015905	0.007095	4585.40	4858.75	4389.76	4663.10	4246.34	4499.43	4063.70	4316.80
"Bal_Vst"	"Balans, vraaggestuurd, zonder WTW"	15	3.528747	-0.090060	0.000788	3828.64	4101.98	3828.64	4101.98	3539.90	3792.99	3539.90	3792.99
"Bal_Wtw"	"Balans, niet-vraaggestuurd, met WTW"	15	3.528747	0.031810	0.014191	4507.41	4780.76	4507.41	4780.76	4173.53	4426.63	4173.52	4426.63
"Bal"	"Balans, niet-vraaggestuurd, zonder WTW"	15	3.528747	-0.074155	0.004284	3750.65	4023.99	3750.65	4023.99	3467.09	3720.19	3467.09	3720.19
