"name"	"label"	"AT"	"Startjaar"	"Eindjaar"	"Vrv_asl"	"Ve_opp"	"Zst_Egw_Ind"	"Zst_Egw_Prj"	"Zst_Mgw_Ind"	"Zst_Mgw_Prj"	"Nat_Egw_Ind"	"Nat_Egw_Prj"	"Nat_Mgw_Ind"	"Nat_Mgw_Prj"	"P50P"	"Beta"
"Nat"	"Natuurlijk"	15	1900	2100	13.202761	0	0	0	0	0	0	0	0	0	1	1
"Mec_Vst_Wis"	"Mechanisch, vraaggestuurd, wisselstroom"	15	1900	2005	8.352285	0.004981	2785.97	2899.13	2785.97	2899.13	2579.6	2684.38	2579.6	2684.38	1	1
"Mec_Vst_Glk"	"Mechanisch, vraaggestuurd, gelijkstroom"	15	2000	2100	8.352285	0.000004	2785.97	2899.13	2785.97	2899.13	2579.6	2684.38	2579.6	2684.38	1	1
"Mec_Wis"	"Mechanisch, niet-vraaggestuurd, wisselstroom"	15	1900	2005	13.202761	0.008984	2556.91	2670.08	2382.86	2496.02	565.65	546.2	565.65	546.2	1	1
"Mec_Glk"	"Mechanisch, niet-vraaggestuurd, gelijkstroom"	15	2000	2100	13.202761	0.000007	2556.91	2670.08	2382.86	2496.02	565.65	546.2	565.65	546.2	1	1
"Bal_Vst_Wtw"	"Balans, vraaggestuurd, met WTW"	15	1900	2100	4.956953	0.006164	4585.4	4858.75	4389.76	4663.1	4246.34	4499.43	4063.7	4316.8	1	1
"Bal_Wtw"	"Balans, niet-vraaggestuurd, met WTW"	15	1900	2100	6.412095	0.011118	4507.41	4780.76	4507.41	4780.76	4173.53	4426.63	4173.52	4426.63	1	1
