"name"	"label"	"AT"	"Vrv_asl"	"Vrv_opp"	"Ve_opp"	"Zst_Egw_Ind"	"Zst_Egw_Prj"	"Zst_Mgw_Ind"	"Zst_Mgw_Prj"	"Nat_Egw_Ind"	"Nat_Egw_Prj"	"Nat_Mgw_Ind"	"Nat_Mgw_Prj"
"Nat"	"Natuurlijk"	15	3.528747	0.000000	0.000000	0	0	0	0	0	0	0	0
"Mec_Vst_Wis"	"Mechanisch, vraaggestuurd, wisselstroom"	15	3.528747	0.052982	0.005756	2786	2899	2786	2899	2580	2684	2580	2684
"Mec_Vst_Glk"	"Mechanisch, vraaggestuurd, gelijkstroom"	15	3.528747	0.052982	0.003754	2786	2899	2786	2899	2580	2684	2580	2684
"Mec_Wis"	"Mechanisch, niet-vraaggestuurd, wisselstroom"	15	3.528747	0.105695	0.011513	2557	2670	2383	2496	566	546	566	546
"Mec_Glk"	"Mechanisch, niet-vraaggestuurd, gelijkstroom"	15	3.528747	0.105695	0.006307	2557	2670	2383	2496	566	546	566	546
"Bal_Vst_Wtw"	"Balans, vraaggestuurd, met WTW"	15	3.528747	0.015905	0.007095	4585	4859	4390	4663	4246	4499	4064	4317
"Bal_Vst"	"Balans, vraaggestuurd, zonder WTW"	15	3.528747	-0.090060	0.000788	3829	4102	3829	4102	3540	3793	3540	3793
"Bal_Wtw"	"Balans, niet-vraaggestuurd, met WTW"	15	3.528747	0.031810	0.014191	4507	4781	4507	4781	4174	4427	4174	4427
"Bal"	"Balans, niet-vraaggestuurd, zonder WTW"	15	3.528747	-0.074155	0.004284	3751	4024	3751	4024	3467	3720	3467	3720
